variable,count,mean,std,min,25%,50%,75%,max,original
dummy1,1000.0,0.00046574117638625915,0.010016780618777069,-0.034116382233158,-0.006312677365738425,0.0005751119837267,0.007477634606988825,0.0342990650341761,0.011960117126712
dummy2,1000.0,-0.0005430985140276631,0.01158221002265072,-0.0364258186432593,-0.008084133133665974,-0.0003220652323676,0.0072780726190923755,0.0301950809471307,0.0003265542265182
x1,1000.0,0.051450554168866264,2.987840657147649,-8.236380058770212,-1.9582622167125516,0.04463441220936725,1.9207875198911069,28.20494407775117,28.20494407775117
x2,1000.0,-0.2632580701379805,7.796566956872323,-26.23974238895439,-5.422430518681752,-0.4389224750381411,4.424186828771527,75.04784810406336,75.04784810406336
x3,1000.0,0.041683421242793645,1.9660074029451928,-6.783811148483435,-1.229854590531595,0.0262751512425425,1.2578021274282283,17.753846434027384,17.753846434027384
